{
	"credit": "Made with Blockbench",
	"texture_size": [32, 32],
	"textures": {
		"2": "irons_spellbooks:item/keeper_flamberge"
	},
	"elements": [
		{
			"from": [7.77125, -6.4, 7.39],
			"to": [8.22125, 11.6, 8.74],
			"rotation": {"angle": 0, "axis": "y", "origin": [6.68875, 11.6, 6.75]},
			"faces": {
				"north": {"uv": [3, 0, 3.25, 9], "texture": "#2"},
				"east": {"uv": [0, 0, 0.75, 9], "texture": "#2"},
				"south": {"uv": [3.5, 0, 3.75, 9], "texture": "#2"},
				"west": {"uv": [1, 0, 1.75, 9], "texture": "#2"},
				"up": {"uv": [9.75, 10.25, 9.5, 9.5], "texture": "#2"},
				"down": {"uv": [0.25, 10, 0, 10.75], "texture": "#2"}
			}
		},
		{
			"from": [7.89125, 9.025, 8.622],
			"to": [8.11625, 10.825, 10.422],
			"rotation": {"angle": -45, "axis": "x", "origin": [6.93963, 9.025, 8.775]},
			"faces": {
				"north": {"uv": [0, 9, 0.25, 10], "texture": "#2"},
				"east": {"uv": [5.5, 0.5, 6.5, 1.5], "texture": "#2"},
				"south": {"uv": [0.5, 9, 0.75, 10], "texture": "#2"},
				"west": {"uv": [5.5, 1.5, 6.5, 2.5], "texture": "#2"},
				"up": {"uv": [1.25, 10, 1, 9], "texture": "#2"},
				"down": {"uv": [9.25, 1, 9, 2], "texture": "#2"}
			}
		},
		{
			"from": [7.89125, 6.325, 7.335],
			"to": [8.11625, 8.125, 9.135],
			"rotation": {"angle": -45, "axis": "x", "origin": [6.93963, 6.325, 7.425]},
			"faces": {
				"north": {"uv": [1.5, 9, 1.75, 10], "texture": "#2"},
				"east": {"uv": [2, 5.5, 3, 6.5], "texture": "#2"},
				"south": {"uv": [9, 2, 9.25, 3], "texture": "#2"},
				"west": {"uv": [5.5, 2.5, 6.5, 3.5], "texture": "#2"},
				"up": {"uv": [3.25, 10, 3, 9], "texture": "#2"},
				"down": {"uv": [9.25, 3, 9, 4], "texture": "#2"}
			}
		},
		{
			"from": [7.89125, 0.925, 7.335],
			"to": [8.11625, 2.725, 9.135],
			"rotation": {"angle": -45, "axis": "x", "origin": [6.93963, 0.925, 7.425]},
			"faces": {
				"north": {"uv": [3.5, 9, 3.75, 10], "texture": "#2"},
				"east": {"uv": [5.5, 3.5, 6.5, 4.5], "texture": "#2"},
				"south": {"uv": [9, 5, 9.25, 6], "texture": "#2"},
				"west": {"uv": [5.5, 4.5, 6.5, 5.5], "texture": "#2"},
				"up": {"uv": [6.25, 10, 6, 9], "texture": "#2"},
				"down": {"uv": [6.75, 9, 6.5, 10], "texture": "#2"}
			}
		},
		{
			"from": [7.89125, 3.625, 8.622],
			"to": [8.11625, 5.425, 10.422],
			"rotation": {"angle": -45, "axis": "x", "origin": [6.93963, 3.625, 8.775]},
			"faces": {
				"north": {"uv": [9, 6.5, 9.25, 7.5], "texture": "#2"},
				"east": {"uv": [5.5, 5.5, 6.5, 6.5], "texture": "#2"},
				"south": {"uv": [7, 9, 7.25, 10], "texture": "#2"},
				"west": {"uv": [6.5, 0.5, 7.5, 1.5], "texture": "#2"},
				"up": {"uv": [9.25, 8.5, 9, 7.5], "texture": "#2"},
				"down": {"uv": [9.25, 8.5, 9, 9.5], "texture": "#2"}
			}
		},
		{
			"from": [7.89125, -4.225, 7.585],
			"to": [8.11625, -2.925, 8.885],
			"rotation": {"angle": -45, "axis": "x", "origin": [6.93963, -4.475, 7.425]},
			"faces": {
				"north": {"uv": [10, 0, 10.25, 0.75], "texture": "#2"},
				"east": {"uv": [6.5, 4.5, 7.25, 5.25], "texture": "#2"},
				"south": {"uv": [0.5, 10, 0.75, 10.75], "texture": "#2"},
				"west": {"uv": [5, 6.5, 5.75, 7.25], "texture": "#2"},
				"up": {"uv": [1.25, 10.75, 1, 10], "texture": "#2"},
				"down": {"uv": [10.25, 1, 10, 1.75], "texture": "#2"}
			}
		},
		{
			"from": [7.89125, -6.225, 8.56],
			"to": [8.11625, -4.925, 9.86],
			"rotation": {"angle": -45, "axis": "x", "origin": [6.93963, -6.475, 8.31364]},
			"faces": {
				"north": {"uv": [10, 0, 10.25, 0.75], "texture": "#2"},
				"east": {"uv": [6.5, 4.5, 7.25, 5.25], "texture": "#2"},
				"south": {"uv": [0.5, 10, 0.75, 10.75], "texture": "#2"},
				"west": {"uv": [5, 6.5, 5.75, 7.25], "texture": "#2"},
				"up": {"uv": [1.25, 10.75, 1, 10], "texture": "#2"},
				"down": {"uv": [10.25, 1, 10, 1.75], "texture": "#2"}
			}
		},
		{
			"from": [7.89125, -7.475, 8.3],
			"to": [8.11625, -6.175, 9.6],
			"rotation": {"angle": -45, "axis": "x", "origin": [6.93963, -7.725, 8.06364]},
			"faces": {
				"north": {"uv": [10, 0, 10.25, 0.75], "texture": "#2"},
				"east": {"uv": [6.5, 4.5, 7.25, 5.25], "texture": "#2"},
				"south": {"uv": [0.5, 10, 0.75, 10.75], "texture": "#2"},
				"west": {"uv": [5, 6.5, 5.75, 7.25], "texture": "#2"},
				"up": {"uv": [1.25, 10.75, 1, 10], "texture": "#2"},
				"down": {"uv": [10.25, 1, 10, 1.75], "texture": "#2"}
			}
		},
		{
			"from": [7.89125, -1.525, 8.872],
			"to": [8.11625, -0.225, 10.172],
			"rotation": {"angle": -45, "axis": "x", "origin": [6.93963, -1.775, 8.775]},
			"faces": {
				"north": {"uv": [1.5, 10, 1.75, 10.75], "texture": "#2"},
				"east": {"uv": [6.5, 5.5, 7.25, 6.25], "texture": "#2"},
				"south": {"uv": [2, 10, 2.25, 10.75], "texture": "#2"},
				"west": {"uv": [6, 6.5, 6.75, 7.25], "texture": "#2"},
				"up": {"uv": [10.25, 2.75, 10, 2], "texture": "#2"},
				"down": {"uv": [2.75, 10, 2.5, 10.75], "texture": "#2"}
			}
		},
		{
			"from": [7.73, 25.94927, 6.70918],
			"to": [8.29, 27.62927, 8.38918],
			"rotation": {"angle": -45, "axis": "x", "origin": [7.45, 27.62927, 7.26918]},
			"faces": {
				"north": {"uv": [3, 10, 3.25, 10.75], "texture": "#2"},
				"east": {"uv": [7, 6.5, 7.75, 7.25], "texture": "#2"},
				"south": {"uv": [10, 3, 10.25, 3.75], "texture": "#2"},
				"west": {"uv": [7.5, 0.5, 8.25, 1.25], "texture": "#2"},
				"up": {"uv": [3.75, 10.75, 3.5, 10], "texture": "#2"},
				"down": {"uv": [10.25, 4, 10, 4.75], "texture": "#2"}
			}
		},
		{
			"from": [7.59, 25.24927, 7.26918],
			"to": [8.43, 26.36927, 8.38918],
			"rotation": {"angle": -45, "axis": "x", "origin": [7.45, 26.36927, 7.26918]},
			"faces": {
				"north": {"uv": [5, 6, 5.5, 6.5], "texture": "#2"},
				"east": {"uv": [7.5, 6, 8, 6.5], "texture": "#2"},
				"south": {"uv": [8.5, 6.5, 9, 7], "texture": "#2"},
				"west": {"uv": [9.5, 0.5, 10, 1], "texture": "#2"},
				"up": {"uv": [10, 1.5, 9.5, 1], "texture": "#2"},
				"down": {"uv": [10, 1.5, 9.5, 2], "texture": "#2"}
			}
		},
		{
			"from": [7.39, 14.16927, 6.70918],
			"to": [8.57, 15.84927, 8.38918],
			"rotation": {"angle": -45, "axis": "x", "origin": [7.25, 15.84927, 7.26918]},
			"faces": {
				"north": {"uv": [7.5, 5, 8, 5.75], "texture": "#2"},
				"east": {"uv": [2, 7.5, 2.75, 8.25], "texture": "#2"},
				"south": {"uv": [6, 8, 6.5, 8.75], "texture": "#2"},
				"west": {"uv": [7.5, 2.5, 8.25, 3.25], "texture": "#2"},
				"up": {"uv": [7, 8.75, 6.5, 8], "texture": "#2"},
				"down": {"uv": [7.5, 8, 7, 8.75], "texture": "#2"}
			}
		},
		{
			"from": [7.31, 14.58927, 7.12918],
			"to": [8.71, 15.42927, 7.96918],
			"rotation": {"angle": -45, "axis": "x", "origin": [7.45, 15.84927, 7.26918]},
			"faces": {
				"north": {"uv": [8, 7, 8.75, 7.5], "texture": "#2"},
				"east": {"uv": [2, 9.5, 2.5, 10], "texture": "#2"},
				"south": {"uv": [8, 7.5, 8.75, 8], "texture": "#2"},
				"west": {"uv": [9.5, 2, 10, 2.5], "texture": "#2"},
				"up": {"uv": [8.75, 8.5, 8, 8], "texture": "#2"},
				"down": {"uv": [9.25, 0.5, 8.5, 1], "texture": "#2"}
			}
		},
		{
			"from": [7.73, 19.40968, 3.45757],
			"to": [8.29, 20.24968, 4.29757],
			"rotation": {"angle": -45, "axis": "x", "origin": [8.01, 15.70725, 8]},
			"faces": {
				"north": {"uv": [10.5, 2, 10.75, 2.5], "texture": "#2"},
				"east": {"uv": [2.5, 9.5, 3, 10], "texture": "#2"},
				"south": {"uv": [10.5, 2.5, 10.75, 3], "texture": "#2"},
				"west": {"uv": [9.5, 2.5, 10, 3], "texture": "#2"},
				"up": {"uv": [10.75, 3.5, 10.5, 3], "texture": "#2"},
				"down": {"uv": [10.75, 3.5, 10.5, 4], "texture": "#2"}
			}
		},
		{
			"from": [7.73, 11.16482, 11.70243],
			"to": [8.29, 12.00482, 12.54243],
			"rotation": {"angle": -45, "axis": "x", "origin": [8.01, 15.70725, 8]},
			"faces": {
				"north": {"uv": [4, 10.5, 4.25, 11], "texture": "#2"},
				"east": {"uv": [9.5, 3, 10, 3.5], "texture": "#2"},
				"south": {"uv": [10.5, 4, 10.75, 4.5], "texture": "#2"},
				"west": {"uv": [9.5, 3.5, 10, 4], "texture": "#2"},
				"up": {"uv": [4.75, 11, 4.5, 10.5], "texture": "#2"},
				"down": {"uv": [10.75, 4.5, 10.5, 5], "texture": "#2"}
			}
		},
		{
			"from": [7.73, 15.98927, 7.50114],
			"to": [8.29, 26.70927, 8.62114],
			"rotation": {"angle": 0, "axis": "y", "origin": [7.45, 22.70927, 7.50114]},
			"faces": {
				"north": {"uv": [5, 0.5, 5.25, 5.75], "texture": "#2"},
				"east": {"uv": [2, 0, 2.5, 5.25], "texture": "#2"},
				"south": {"uv": [5, 0.5, 5.25, 5.75], "texture": "#2"},
				"west": {"uv": [2.5, 0, 3, 5.25], "texture": "#2"},
				"up": {"uv": [5.25, 11, 5, 10.5], "texture": "#2"},
				"down": {"uv": [10.75, 5, 10.5, 5.5], "texture": "#2"}
			}
		},
		{
			"from": [7.73, 12.76927, 7.32],
			"to": [8.29, 15.00927, 8.8],
			"rotation": {"angle": 0, "axis": "y", "origin": [7.45, 15.00927, 7.50114]},
			"faces": {
				"north": {"uv": [4, 9.5, 4.25, 10.5], "texture": "#2"},
				"east": {"uv": [2, 6.5, 2.75, 7.5], "texture": "#2"},
				"south": {"uv": [4.5, 9.5, 4.75, 10.5], "texture": "#2"},
				"west": {"uv": [6.5, 2.5, 7.25, 3.5], "texture": "#2"},
				"up": {"uv": [10.25, 5.75, 10, 5], "texture": "#2"},
				"down": {"uv": [5.75, 10, 5.5, 10.75], "texture": "#2"}
			}
		},
		{
			"from": [7.87, 11.52927, 7.36114],
			"to": [8.15, 13.76927, 8.76114],
			"rotation": {"angle": 0, "axis": "y", "origin": [7.45, 13.76927, 7.50114]},
			"faces": {
				"north": {"uv": [9.5, 5, 9.75, 6], "texture": "#2"},
				"east": {"uv": [6.5, 3.5, 7.25, 4.5], "texture": "#2"},
				"south": {"uv": [9.5, 6.5, 9.75, 7.5], "texture": "#2"},
				"west": {"uv": [4, 6.5, 4.75, 7.5], "texture": "#2"},
				"up": {"uv": [6.25, 10.75, 6, 10], "texture": "#2"},
				"down": {"uv": [10.25, 6, 10, 6.75], "texture": "#2"}
			}
		},
		{
			"from": [7.59, 15.84927, 7.36114],
			"to": [8.43, 17.10927, 8.76114],
			"rotation": {"angle": 0, "axis": "y", "origin": [7.45, 22.70927, 7.50114]},
			"faces": {
				"north": {"uv": [8.5, 1, 9, 1.75], "texture": "#2"},
				"east": {"uv": [7.5, 3.5, 8.25, 4.25], "texture": "#2"},
				"south": {"uv": [2, 8.5, 2.5, 9.25], "texture": "#2"},
				"west": {"uv": [4, 7.5, 4.75, 8.25], "texture": "#2"},
				"up": {"uv": [9, 2.75, 8.5, 2], "texture": "#2"},
				"down": {"uv": [3, 8.5, 2.5, 9.25], "texture": "#2"}
			}
		},
		{
			"from": [7.59, 17.24927, 4.98114],
			"to": [8.43, 17.66927, 6.38114],
			"rotation": {"angle": -22.5, "axis": "x", "origin": [7.45, 23.82927, 5.12114]},
			"faces": {
				"north": {"uv": [10.5, 5.5, 11, 5.75], "texture": "#2"},
				"east": {"uv": [6.5, 10, 7.25, 10.25], "texture": "#2"},
				"south": {"uv": [10.5, 6, 11, 6.25], "texture": "#2"},
				"west": {"uv": [10, 7, 10.75, 7.25], "texture": "#2"},
				"up": {"uv": [9, 3.75, 8.5, 3], "texture": "#2"},
				"down": {"uv": [4.5, 8.5, 4, 9.25], "texture": "#2"}
			}
		},
		{
			"from": [7.59, 20.04927, 9.88114],
			"to": [8.43, 20.46927, 11.28114],
			"rotation": {"angle": 22.5, "axis": "x", "origin": [7.45, 26.62927, 10.02114]},
			"faces": {
				"north": {"uv": [6.5, 10.5, 7, 10.75], "texture": "#2"},
				"east": {"uv": [7.5, 10, 8.25, 10.25], "texture": "#2"},
				"south": {"uv": [10.5, 6.5, 11, 6.75], "texture": "#2"},
				"west": {"uv": [10, 8.5, 10.75, 8.75], "texture": "#2"},
				"up": {"uv": [5, 9.25, 4.5, 8.5], "texture": "#2"},
				"down": {"uv": [9, 5, 8.5, 5.75], "texture": "#2"}
			}
		},
		{
			"from": [7.59, 24.04927, 9.88114],
			"to": [8.43, 24.46927, 11.28114],
			"rotation": {"angle": 22.5, "axis": "x", "origin": [7.45, 30.62927, 10.02114]},
			"faces": {
				"north": {"uv": [7, 10.5, 7.5, 10.75], "texture": "#2"},
				"east": {"uv": [7.5, 10, 8.25, 10.25], "texture": "#2"},
				"south": {"uv": [10.5, 6.5, 11, 6.75], "texture": "#2"},
				"west": {"uv": [10, 8.5, 10.75, 8.75], "texture": "#2"},
				"up": {"uv": [5, 9.25, 4.5, 8.5], "texture": "#2"},
				"down": {"uv": [9, 5, 8.5, 5.75], "texture": "#2"}
			}
		},
		{
			"from": [7.59, 21.24927, 4.98114],
			"to": [8.43, 21.66927, 6.38114],
			"rotation": {"angle": -22.5, "axis": "x", "origin": [7.45, 27.82927, 5.12114]},
			"faces": {
				"north": {"uv": [7.5, 10.5, 8, 10.75], "texture": "#2"},
				"east": {"uv": [6.5, 10, 7.25, 10.25], "texture": "#2"},
				"south": {"uv": [10.5, 6, 11, 6.25], "texture": "#2"},
				"west": {"uv": [10, 7, 10.75, 7.25], "texture": "#2"},
				"up": {"uv": [9, 3.75, 8.5, 3], "texture": "#2"},
				"down": {"uv": [4.5, 8.5, 4, 9.25], "texture": "#2"}
			}
		},
		{
			"from": [7.87, 15.42927, 2.24],
			"to": [8.15, 16.12927, 13.76],
			"rotation": {"angle": 0, "axis": "y", "origin": [7.45, 16.12927, 11.36]},
			"faces": {
				"north": {"uv": [0.5, 11, 0.75, 11.25], "texture": "#2"},
				"east": {"uv": [4, 0, 9.75, 0.25], "texture": "#2"},
				"south": {"uv": [1, 11, 1.25, 11.25], "texture": "#2"},
				"west": {"uv": [4, 0, 9.75, 0.25], "texture": "#2"},
				"up": {"uv": [4.25, 6.25, 4, 0.5], "texture": "#2"},
				"down": {"uv": [4.75, 0.5, 4.5, 6.25], "texture": "#2"}
			}
		},
		{
			"from": [7.73, 15.34927, 6.38114],
			"to": [8.29, 16.26927, 9.74114],
			"rotation": {"angle": 0, "axis": "y", "origin": [7.45, 16.12927, 11.42114]},
			"faces": {
				"north": {"uv": [10.5, 7.5, 10.75, 8], "texture": "#2"},
				"east": {"uv": [6.5, 1.5, 8.25, 2], "texture": "#2"},
				"south": {"uv": [8, 10.5, 8.25, 11], "texture": "#2"},
				"west": {"uv": [6.5, 2, 8.25, 2.5], "texture": "#2"},
				"up": {"uv": [8.25, 6.75, 8, 5], "texture": "#2"},
				"down": {"uv": [5.75, 8, 5.5, 9.75], "texture": "#2"}
			}
		},
		{
			"from": [7.9, 12.13, 6.75],
			"to": [8.05, 12.63, 9.25],
			"rotation": {"angle": 0, "axis": "y", "origin": [7.25, 11.5, 7]},
			"faces": {
				"north": {"uv": [1.5, 11, 1.75, 11.25], "texture": "#2"},
				"east": {"uv": [8.5, 4, 9.75, 4.25], "texture": "#2"},
				"south": {"uv": [2, 11, 2.25, 11.25], "texture": "#2"},
				"west": {"uv": [8.5, 6, 9.75, 6.25], "texture": "#2"},
				"up": {"uv": [8.25, 9.75, 8, 8.5], "texture": "#2"},
				"down": {"uv": [8.75, 8.5, 8.5, 9.75], "texture": "#2"}
			}
		},
		{
			"from": [7.9, 11.13, 10.25],
			"to": [8.05, 11.63, 10.75],
			"rotation": {"angle": 0, "axis": "y", "origin": [7.25, 10.5, 8.5]},
			"faces": {
				"north": {"uv": [11, 2, 11.25, 2.25], "texture": "#2"},
				"east": {"uv": [2.5, 11, 2.75, 11.25], "texture": "#2"},
				"south": {"uv": [11, 2.5, 11.25, 2.75], "texture": "#2"},
				"west": {"uv": [3, 11, 3.25, 11.25], "texture": "#2"},
				"up": {"uv": [11.25, 3.25, 11, 3], "texture": "#2"},
				"down": {"uv": [3.75, 11, 3.5, 11.25], "texture": "#2"}
			}
		},
		{
			"from": [7.9, 11.13, 5.25],
			"to": [8.05, 11.63, 5.75],
			"rotation": {"angle": 0, "axis": "y", "origin": [7.25, 10.5, 3.5]},
			"faces": {
				"north": {"uv": [11, 3.5, 11.25, 3.75], "texture": "#2"},
				"east": {"uv": [4, 11, 4.25, 11.25], "texture": "#2"},
				"south": {"uv": [11, 4, 11.25, 4.25], "texture": "#2"},
				"west": {"uv": [4.5, 11, 4.75, 11.25], "texture": "#2"},
				"up": {"uv": [11.25, 4.75, 11, 4.5], "texture": "#2"},
				"down": {"uv": [5.25, 11, 5, 11.25], "texture": "#2"}
			}
		},
		{
			"from": [7.9, 11.63, 5.75],
			"to": [8.05, 12.13, 10.25],
			"rotation": {"angle": 0, "axis": "y", "origin": [7.25, 11, 7]},
			"faces": {
				"north": {"uv": [10.5, 10.5, 10.75, 10.75], "texture": "#2"},
				"east": {"uv": [7.5, 4.5, 9.75, 4.75], "texture": "#2"},
				"south": {"uv": [0, 11, 0.25, 11.25], "texture": "#2"},
				"west": {"uv": [5, 7.5, 7.25, 7.75], "texture": "#2"},
				"up": {"uv": [7.75, 9.75, 7.5, 7.5], "texture": "#2"},
				"down": {"uv": [5.25, 8, 5, 10.25], "texture": "#2"}
			}
		},
		{
			"from": [7.9, 16.13, 11],
			"to": [8.05, 16.63, 12.5],
			"rotation": {"angle": 0, "axis": "y", "origin": [7.25, 15.5, 9.25]},
			"faces": {
				"north": {"uv": [10.5, 10.5, 10.75, 10.75], "texture": "#2"},
				"east": {"uv": [9.5, 7.5, 10.25, 7.75], "texture": "#2"},
				"south": {"uv": [0, 11, 0.25, 11.25], "texture": "#2"},
				"west": {"uv": [9.5, 8, 10.25, 8.25], "texture": "#2"},
				"up": {"uv": [9.75, 9.25, 9.5, 8.5], "texture": "#2"},
				"down": {"uv": [9.25, 9.5, 9, 10.25], "texture": "#2"}
			}
		},
		{
			"from": [7.9, 16.63, 12],
			"to": [8.05, 17.13, 12.5],
			"rotation": {"angle": 0, "axis": "y", "origin": [7.25, 16, 9.25]},
			"faces": {
				"north": {"uv": [10.5, 10.5, 10.75, 10.75], "texture": "#2"},
				"east": {"uv": [11, 5, 11.25, 5.25], "texture": "#2"},
				"south": {"uv": [0, 11, 0.25, 11.25], "texture": "#2"},
				"west": {"uv": [5.5, 11, 5.75, 11.25], "texture": "#2"},
				"up": {"uv": [11.25, 5.75, 11, 5.5], "texture": "#2"},
				"down": {"uv": [5.25, 8, 5, 10.25], "texture": "#2"}
			}
		},
		{
			"from": [7.9, 17.13, 11.5],
			"to": [8.05, 17.63, 12],
			"rotation": {"angle": 0, "axis": "y", "origin": [7.25, 16.5, 8.75]},
			"faces": {
				"north": {"uv": [10.5, 10.5, 10.75, 10.75], "texture": "#2"},
				"east": {"uv": [10.75, 5, 11, 5.25], "texture": "#2"},
				"south": {"uv": [0, 11, 0.25, 11.25], "texture": "#2"},
				"west": {"uv": [5.5, 10.75, 5.75, 11], "texture": "#2"},
				"up": {"uv": [11.25, 5.75, 11, 5.5], "texture": "#2"},
				"down": {"uv": [6.25, 11, 6, 11.25], "texture": "#2"}
			}
		},
		{
			"from": [7.9, 14.97, 13],
			"to": [8.05, 15.47, 14.5],
			"rotation": {"angle": 0, "axis": "y", "origin": [7.25, 16, 11.25]},
			"faces": {
				"north": {"uv": [11, 6, 11.25, 6.25], "texture": "#2"},
				"east": {"uv": [10, 9, 10.75, 9.25], "texture": "#2"},
				"south": {"uv": [11, 6.5, 11.25, 6.75], "texture": "#2"},
				"west": {"uv": [10, 9.5, 10.75, 9.75], "texture": "#2"},
				"up": {"uv": [8.75, 10.75, 8.5, 10], "texture": "#2"},
				"down": {"uv": [10.25, 10, 10, 10.75], "texture": "#2"}
			}
		},
		{
			"from": [7.9, 14.47, 14],
			"to": [8.05, 14.97, 14.5],
			"rotation": {"angle": 0, "axis": "y", "origin": [7.25, 15.5, 11.25]},
			"faces": {
				"north": {"uv": [11, 6, 11.25, 6.25], "texture": "#2"},
				"east": {"uv": [6.5, 11, 6.75, 11.25], "texture": "#2"},
				"south": {"uv": [11, 6.5, 11.25, 6.75], "texture": "#2"},
				"west": {"uv": [7, 11, 7.25, 11.25], "texture": "#2"},
				"up": {"uv": [11.25, 7.75, 11, 7.5], "texture": "#2"},
				"down": {"uv": [7.75, 11, 7.5, 11.25], "texture": "#2"}
			}
		},
		{
			"from": [7.9, 13.97, 13.5],
			"to": [8.05, 14.47, 14],
			"rotation": {"angle": 0, "axis": "y", "origin": [7.25, 15, 10.75]},
			"faces": {
				"north": {"uv": [11, 6, 11.25, 6.25], "texture": "#2"},
				"east": {"uv": [6.5, 11, 6.75, 11.25], "texture": "#2"},
				"south": {"uv": [11, 6.5, 11.25, 6.75], "texture": "#2"},
				"west": {"uv": [7, 11, 7.25, 11.25], "texture": "#2"},
				"up": {"uv": [11.25, 7.25, 11, 7], "texture": "#2"},
				"down": {"uv": [7.75, 11, 7.5, 11.25], "texture": "#2"}
			}
		},
		{
			"from": [7.9, 14.47, 1.5],
			"to": [8.05, 14.97, 2],
			"rotation": {"angle": 0, "axis": "y", "origin": [7.25, 15.5, 4.75]},
			"faces": {
				"north": {"uv": [11, 9, 11.25, 9.25], "texture": "#2"},
				"east": {"uv": [11, 9.5, 11.25, 9.75], "texture": "#2"},
				"south": {"uv": [9.5, 11, 9.75, 11.25], "texture": "#2"},
				"west": {"uv": [10, 11, 10.25, 11.25], "texture": "#2"},
				"up": {"uv": [5.25, 10.25, 5, 8], "texture": "#2"},
				"down": {"uv": [11.25, 5.5, 11, 5.75], "texture": "#2"}
			}
		},
		{
			"from": [7.9, 13.97, 2],
			"to": [8.05, 14.47, 2.5],
			"rotation": {"angle": 0, "axis": "y", "origin": [7.25, 15, 5.25]},
			"faces": {
				"north": {"uv": [11, 9, 11.25, 9.25], "texture": "#2"},
				"east": {"uv": [11, 9.5, 11.25, 9.75], "texture": "#2"},
				"south": {"uv": [9.5, 11, 9.75, 11.25], "texture": "#2"},
				"west": {"uv": [10, 11, 10.25, 11.25], "texture": "#2"},
				"up": {"uv": [6.25, 11.25, 6, 11], "texture": "#2"},
				"down": {"uv": [11.25, 5.5, 11, 5.75], "texture": "#2"}
			}
		},
		{
			"from": [7.9, 14.97, 1.5],
			"to": [8.05, 15.47, 3],
			"rotation": {"angle": 0, "axis": "y", "origin": [7.25, 16, 4.75]},
			"faces": {
				"north": {"uv": [11, 9, 11.25, 9.25], "texture": "#2"},
				"east": {"uv": [10.5, 1, 11.25, 1.25], "texture": "#2"},
				"south": {"uv": [9.5, 11, 9.75, 11.25], "texture": "#2"},
				"west": {"uv": [10.5, 1.5, 11.25, 1.75], "texture": "#2"},
				"up": {"uv": [5.25, 8.75, 5, 8], "texture": "#2"},
				"down": {"uv": [7.75, 7.5, 7.5, 8.25], "texture": "#2"}
			}
		},
		{
			"from": [7.9, 16.13, 3.5],
			"to": [8.05, 16.63, 5],
			"rotation": {"angle": 0, "axis": "y", "origin": [7.25, 15.5, 6.75]},
			"faces": {
				"north": {"uv": [8, 11, 8.25, 11.25], "texture": "#2"},
				"east": {"uv": [10.5, 0, 11.25, 0.25], "texture": "#2"},
				"south": {"uv": [8.5, 11, 8.75, 11.25], "texture": "#2"},
				"west": {"uv": [10.5, 0.5, 11.25, 0.75], "texture": "#2"},
				"up": {"uv": [10.25, 10.75, 10, 10], "texture": "#2"},
				"down": {"uv": [8.75, 10, 8.5, 10.75], "texture": "#2"}
			}
		},
		{
			"from": [7.9, 16.63, 3.5],
			"to": [8.05, 17.13, 4],
			"rotation": {"angle": 0, "axis": "y", "origin": [7.25, 16, 6.75]},
			"faces": {
				"north": {"uv": [8, 11, 8.25, 11.25], "texture": "#2"},
				"east": {"uv": [11, 8, 11.25, 8.25], "texture": "#2"},
				"south": {"uv": [8.5, 11, 8.75, 11.25], "texture": "#2"},
				"west": {"uv": [11, 8.5, 11.25, 8.75], "texture": "#2"},
				"up": {"uv": [7.75, 11.25, 7.5, 11], "texture": "#2"},
				"down": {"uv": [11.25, 7, 11, 7.25], "texture": "#2"}
			}
		},
		{
			"from": [7.9, 17.13, 4],
			"to": [8.05, 17.63, 4.5],
			"rotation": {"angle": 0, "axis": "y", "origin": [7.25, 16.5, 7.25]},
			"faces": {
				"north": {"uv": [8, 11, 8.25, 11.25], "texture": "#2"},
				"east": {"uv": [11.25, 8, 11.5, 8.25], "texture": "#2"},
				"south": {"uv": [8.5, 11, 8.75, 11.25], "texture": "#2"},
				"west": {"uv": [10.75, 8.5, 11, 8.75], "texture": "#2"},
				"up": {"uv": [9.25, 11.25, 9, 11], "texture": "#2"},
				"down": {"uv": [11.25, 7, 11, 7.25], "texture": "#2"}
			}
		}
	],
	"display": {
		"thirdperson_righthand": {
			"rotation": [180, 0, 0],
			"translation": [-0.25, 9.5, 1.75]
		},
		"thirdperson_lefthand": {
			"rotation": [180, 0, 0],
			"translation": [-0.25, 11, 1.75]
		},
		"firstperson_righthand": {
			"rotation": [180, 0, 0],
			"translation": [1.25, 7.75, 3],
			"scale": [0.61914, 0.61914, 0.61914]
		},
		"firstperson_lefthand": {
			"rotation": [180, 0, 0],
			"translation": [1.25, 7.25, 3],
			"scale": [0.61914, 0.61914, 0.61914]
		},
		"ground": {
			"translation": [0, 7, 0],
			"scale": [0.76367, 0.76367, 0.76367]
		},
		"gui": {
			"rotation": [90, -43.25, -90],
			"translation": [-1.5, 1, 0],
			"scale": [0.64063, 0.64063, 0.64063]
		},
		"head": {
			"rotation": [0, -90, 0]
		},
		"fixed": {
			"rotation": [-90, 42.75, 90],
			"translation": [2, -1, 0]
		}
	},
	"groups": [
		{
			"name": "blade 3 melhor",
			"origin": [6.885, 14.25, 6.5],
			"color": 0,
			"children": [0, 1, 2, 3, 4, 5, 6, 7, 8]
		},
		{
			"name": "cabo menor",
			"origin": [9, -1.58211, 7.01918],
			"color": 0,
			"children": [9, 10, 11, 12, 13, 14, 15, 16, 17, 18, 19, 20, 21, 22, 23, 24]
		},
		25,
		26,
		27,
		28,
		29,
		30,
		31,
		32,
		33,
		34,
		35,
		36,
		37,
		38,
		39,
		40
	]
}