{
	"credit": "Made with Blockbench",
	"texture_size": [32, 32],
	"textures": {
		"0": "irons_spellbooks:item/magehunter",
		"particle": "irons_spellbooks:item/magehunter"
	},
	"elements": [
		{
			"from": [7, 30, 7],
			"to": [9, 32, 9],
			"rotation": {"angle": 0, "axis": "y", "origin": [7, 32, 7]},
			"faces": {
				"north": {"uv": [6.5, 2.5, 7.5, 1.5], "texture": "#0"},
				"east": {"uv": [7.5, 7.5, 8.5, 6.5], "texture": "#0"},
				"south": {"uv": [7.5, 8.5, 8.5, 7.5], "texture": "#0"},
				"west": {"uv": [8, 1, 9, 0], "texture": "#0"},
				"up": {"uv": [9.5, 2, 8.5, 1], "texture": "#0"},
				"down": {"uv": [5, 8, 4, 9], "texture": "#0"}
			}
		},
		{
			"from": [7.5, 24, 7.5],
			"to": [8.5, 30, 8.5],
			"rotation": {"angle": 0, "axis": "y", "origin": [7, 30, 7]},
			"faces": {
				"north": {"uv": [6.5, 8.5, 7, 5.5], "texture": "#0"},
				"east": {"uv": [5, 10, 5.5, 7], "texture": "#0"},
				"south": {"uv": [5.5, 10, 6, 7], "texture": "#0"},
				"west": {"uv": [7, 8.5, 7.5, 5.5], "texture": "#0"},
				"up": {"uv": [8.5, 1.5, 8, 1], "texture": "#0"},
				"down": {"uv": [6, 2.5, 5.5, 3], "texture": "#0"}
			}
		},
		{
			"from": [7, 20, 7],
			"to": [10, 23, 9],
			"rotation": {"angle": -45, "axis": "z", "origin": [8, 22, 7]},
			"faces": {
				"north": {"uv": [4, 1.5, 5.5, 0], "texture": "#0"},
				"east": {"uv": [7.5, 3, 8.5, 1.5], "texture": "#0"},
				"south": {"uv": [4, 3, 5.5, 1.5], "texture": "#0"},
				"west": {"uv": [7.5, 4.5, 8.5, 3], "texture": "#0"},
				"up": {"uv": [9, 6.5, 7.5, 5.5], "texture": "#0"},
				"down": {"uv": [9, 4.5, 7.5, 5.5], "texture": "#0"}
			}
		},
		{
			"from": [7.25, 22, 7.25],
			"to": [8.75, 26.25, 8.75],
			"rotation": {"angle": 0, "axis": "y", "origin": [7, 27, 7]},
			"faces": {
				"north": {"uv": [4, 5.25, 4.75, 3], "texture": "#0"},
				"east": {"uv": [5, 5.25, 5.75, 3], "texture": "#0"},
				"south": {"uv": [5.5, 2.25, 6.25, 0], "texture": "#0"},
				"west": {"uv": [4, 7.75, 4.75, 5.5], "texture": "#0"},
				"up": {"uv": [10.75, 9.75, 10, 9], "texture": "#0"},
				"down": {"uv": [7.75, 10, 7, 10.75], "texture": "#0"}
			}
		},
		{
			"from": [5, 20, 7.75],
			"to": [7, 21.5, 8.25],
			"rotation": {"angle": 0, "axis": "y", "origin": [5, 22, 7]},
			"faces": {
				"north": {"uv": [9, 0.75, 10, 0], "texture": "#0"},
				"east": {"uv": [6, 11.75, 6.25, 11], "texture": "#0"},
				"south": {"uv": [9.5, 1.75, 10.5, 1], "texture": "#0"},
				"west": {"uv": [6.5, 11.75, 6.75, 11], "texture": "#0"},
				"up": {"uv": [12, 2.75, 11, 2.5], "texture": "#0"},
				"down": {"uv": [12, 2, 11, 2.25], "texture": "#0"}
			}
		},
		{
			"from": [3.25, 20, 7.5],
			"to": [5, 21.5, 8.5],
			"rotation": {"angle": 0, "axis": "y", "origin": [5.75, 22, 7]},
			"faces": {
				"north": {"uv": [9.5, 2.75, 10.5, 2], "texture": "#0"},
				"east": {"uv": [6, 7.75, 6.5, 7], "texture": "#0"},
				"south": {"uv": [9.5, 6.75, 10.5, 6], "texture": "#0"},
				"west": {"uv": [2, 11.25, 2.5, 10.5], "texture": "#0"},
				"up": {"uv": [2, 11, 1, 10.5], "texture": "#0"},
				"down": {"uv": [9.5, 8, 8.5, 8.5], "texture": "#0"}
			}
		},
		{
			"from": [3.25, 21.5, 7.75],
			"to": [4.5, 23.25, 8.25],
			"rotation": {"angle": 0, "axis": "y", "origin": [5, 20.75, 7]},
			"faces": {
				"north": {"uv": [9.5, 8, 10.25, 7], "texture": "#0"},
				"east": {"uv": [1.5, 12, 1.75, 11], "texture": "#0"},
				"south": {"uv": [8, 10.5, 8.75, 9.5], "texture": "#0"},
				"west": {"uv": [3, 12, 3.25, 11], "texture": "#0"},
				"up": {"uv": [11.75, 8.25, 11, 8], "texture": "#0"},
				"down": {"uv": [7.75, 11, 7, 11.25], "texture": "#0"}
			}
		},
		{
			"from": [5, 21.75, 8],
			"to": [6.5, 24, 8],
			"rotation": {"angle": 45, "axis": "z", "origin": [6.5, 21, 7]},
			"faces": {
				"north": {"uv": [8.5, 3.25, 9.25, 2], "texture": "#0"},
				"east": {"uv": [0, 1.25, 0, 0], "texture": "#0"},
				"south": {"uv": [6, 9.75, 6.75, 8.5], "texture": "#0"},
				"west": {"uv": [0, 1.25, 0, 0], "texture": "#0"},
				"up": {"uv": [0.75, 0, 0, 0], "texture": "#0"},
				"down": {"uv": [0.75, 0, 0, 0], "texture": "#0"}
			}
		},
		{
			"from": [7.25, 29.5, 7.25],
			"to": [8.75, 30, 8.75],
			"rotation": {"angle": 0, "axis": "y", "origin": [7, 30, 7]},
			"faces": {
				"north": {"uv": [11, 4.75, 11.75, 4.5], "texture": "#0"},
				"east": {"uv": [5, 11.25, 5.75, 11], "texture": "#0"},
				"south": {"uv": [11, 5.25, 11.75, 5], "texture": "#0"},
				"west": {"uv": [11, 5.75, 11.75, 5.5], "texture": "#0"},
				"up": {"uv": [6.75, 10.75, 6, 10], "texture": "#0"},
				"down": {"uv": [10.75, 5, 10, 5.75], "texture": "#0"}
			}
		},
		{
			"from": [7, 18.75, 7.25],
			"to": [9.5, 21.25, 8.75],
			"rotation": {"angle": -45, "axis": "z", "origin": [8, 20.25, 7]},
			"faces": {
				"north": {"uv": [5, 6.75, 6.25, 5.5], "texture": "#0"},
				"east": {"uv": [8.5, 7.75, 9.25, 6.5], "texture": "#0"},
				"south": {"uv": [6, 3.75, 7.25, 2.5], "texture": "#0"},
				"west": {"uv": [7, 9.75, 7.75, 8.5], "texture": "#0"},
				"up": {"uv": [9.25, 9.25, 8, 8.5], "texture": "#0"},
				"down": {"uv": [9.75, 3.5, 8.5, 4.25], "texture": "#0"}
			}
		},
		{
			"from": [7, 16.25, 7.5],
			"to": [8.5, 17.75, 8.5],
			"rotation": {"angle": -45, "axis": "z", "origin": [8, 16.75, 7]},
			"faces": {
				"north": {"uv": [10, 10.75, 10.75, 10], "texture": "#0"},
				"east": {"uv": [10.5, 2.75, 11, 2], "texture": "#0"},
				"south": {"uv": [0, 11.25, 0.75, 10.5], "texture": "#0"},
				"west": {"uv": [2.5, 11.25, 3, 10.5], "texture": "#0"},
				"up": {"uv": [4.75, 11, 4, 10.5], "texture": "#0"},
				"down": {"uv": [3.75, 10.5, 3, 11], "texture": "#0"}
			}
		},
		{
			"from": [6.5, -0.5, 7.75],
			"to": [9.5, 20, 8.25],
			"rotation": {"angle": 0, "axis": "y", "origin": [7, 19.75, 7]},
			"faces": {
				"north": {"uv": [0, 10.5, 1.5, 0], "texture": "#0"},
				"east": {"uv": [3, 10.5, 3.25, 0], "texture": "#0"},
				"south": {"uv": [1.5, 10.5, 3, 0.0625], "texture": "#0"},
				"west": {"uv": [3.5, 10.5, 3.75, 0], "texture": "#0"},
				"up": {"uv": [12, 6.75, 10.5, 6.5], "texture": "#0"},
				"down": {"uv": [12, 6, 10.5, 6.25], "texture": "#0"}
			}
		},
		{
			"from": [6, -2, 7.65],
			"to": [8.5, 0.5, 8.35],
			"rotation": {"angle": -45, "axis": "z", "origin": [8, -1.5, 7]},
			"faces": {
				"north": {"uv": [6, 5.25, 7.25, 4], "texture": "#0"},
				"east": {"uv": [9.5, 11.75, 9.75, 10.5], "texture": "#0"},
				"south": {"uv": [6.5, 1.25, 7.75, 0], "texture": "#0"},
				"west": {"uv": [1, 12.25, 1.25, 11], "texture": "#0"},
				"up": {"uv": [12.25, 0.75, 11, 0.5], "texture": "#0"},
				"down": {"uv": [12.25, 0, 11, 0.25], "texture": "#0"}
			}
		},
		{
			"from": [3.75, 20.5, 7.25],
			"to": [4.5, 21.25, 8.75],
			"rotation": {"angle": -45, "axis": "z", "origin": [4, 21, 7]},
			"faces": {
				"north": {"uv": [6, 8.5, 6.5, 8], "texture": "#0"},
				"east": {"uv": [10.5, 7.5, 11.25, 7], "texture": "#0"},
				"south": {"uv": [9, 6.5, 9.5, 6], "texture": "#0"},
				"west": {"uv": [10.5, 8, 11.25, 7.5], "texture": "#0"},
				"up": {"uv": [11, 8.75, 10.5, 8], "texture": "#0"},
				"down": {"uv": [8.5, 10.5, 8, 11.25], "texture": "#0"}
			}
		},
		{
			"from": [9.5, 21.75, 8],
			"to": [11, 24, 8],
			"rotation": {"angle": -45, "axis": "z", "origin": [9.5, 21, 7]},
			"faces": {
				"north": {"uv": [4, 10.25, 4.75, 9], "texture": "#0"},
				"east": {"uv": [0, 1.25, 0, 0], "texture": "#0"},
				"south": {"uv": [9, 5.75, 9.75, 4.5], "texture": "#0"},
				"west": {"uv": [0, 1.25, 0, 0], "texture": "#0"},
				"up": {"uv": [0.75, 0, 0, 0], "texture": "#0"},
				"down": {"uv": [0.75, 0, 0, 0], "texture": "#0"}
			}
		},
		{
			"from": [11.5, 21.5, 7.75],
			"to": [12.75, 23.25, 8.25],
			"rotation": {"angle": 0, "axis": "y", "origin": [11, 20.75, 7]},
			"faces": {
				"north": {"uv": [9.5, 9, 10.25, 8], "texture": "#0"},
				"east": {"uv": [11, 4, 11.25, 3], "texture": "#0"},
				"south": {"uv": [9, 10.5, 9.75, 9.5], "texture": "#0"},
				"west": {"uv": [3.5, 12, 3.75, 11], "texture": "#0"},
				"up": {"uv": [11.75, 9.25, 11, 9], "texture": "#0"},
				"down": {"uv": [11.75, 8.5, 11, 8.75], "texture": "#0"}
			}
		},
		{
			"from": [11, 20, 7.5],
			"to": [12.75, 21.5, 8.5],
			"rotation": {"angle": 0, "axis": "y", "origin": [10.25, 22, 7]},
			"faces": {
				"north": {"uv": [10, 0.75, 11, 0], "texture": "#0"},
				"east": {"uv": [8.5, 11.25, 9, 10.5], "texture": "#0"},
				"south": {"uv": [10, 3.75, 11, 3], "texture": "#0"},
				"west": {"uv": [9, 11.25, 9.5, 10.5], "texture": "#0"},
				"up": {"uv": [11.5, 2, 10.5, 1.5], "texture": "#0"},
				"down": {"uv": [11.5, 1, 10.5, 1.5], "texture": "#0"}
			}
		},
		{
			"from": [9, 20, 7.75],
			"to": [11, 21.5, 8.25],
			"rotation": {"angle": 0, "axis": "y", "origin": [11, 22, 7]},
			"faces": {
				"north": {"uv": [10, 4.75, 11, 4], "texture": "#0"},
				"east": {"uv": [11, 10.25, 11.25, 9.5], "texture": "#0"},
				"south": {"uv": [5, 10.75, 6, 10], "texture": "#0"},
				"west": {"uv": [10, 11.75, 10.25, 11], "texture": "#0"},
				"up": {"uv": [12, 4.25, 11, 4], "texture": "#0"},
				"down": {"uv": [5, 11, 4, 11.25], "texture": "#0"}
			}
		},
		{
			"from": [11.75, 20.5, 7.25],
			"to": [12.5, 21.25, 8.75],
			"rotation": {"angle": -45, "axis": "z", "origin": [12, 21, 7]},
			"faces": {
				"north": {"uv": [6, 8.5, 6.5, 8], "texture": "#0"},
				"east": {"uv": [10.5, 7.5, 11.25, 7], "texture": "#0"},
				"south": {"uv": [9, 6.5, 9.5, 6], "texture": "#0"},
				"west": {"uv": [10.5, 8, 11.25, 7.5], "texture": "#0"},
				"up": {"uv": [11, 8.75, 10.5, 8], "texture": "#0"},
				"down": {"uv": [8.5, 10.5, 8, 11.25], "texture": "#0"}
			}
		}
	],
	"display": {
		"thirdperson_righthand": {
			"rotation": [22.99, 84.63, 157.7],
			"translation": [0.25, 12.5, 1.25],
			"scale": [0.81445, 0.81445, 0.81445]
		},
		"thirdperson_lefthand": {
			"rotation": [-22.99, -84.63, 157.7],
			"translation": [0.25, 12.25, 1.25],
			"scale": [0.81445, 0.81445, 0.81445]
		},
		"firstperson_righthand": {
			"rotation": [-22.99, -84.63, 157.7],
			"translation": [2, 9.75, 1.25],
			"scale": [0.58789, 0.58789, 0.58789]
		},
		"firstperson_lefthand": {
			"rotation": [22.99, 84.63, 157.7],
			"translation": [2, 9.75, 1.25],
			"scale": [0.58789, 0.58789, 0.58789]
		},
		"ground": {
			"translation": [0, 7, 0],
			"scale": [0.7168, 0.7168, 0.7168]
		},
		"gui": {
			"rotation": [0, 0, -135],
			"translation": [-3.25, 3.25, 0],
			"scale": [0.78125, 0.78125, 0.78125]
		},
		"head": {
			"rotation": [0, 0, 90],
			"translation": [3.75, 0, 0]
		},
		"fixed": {
			"rotation": [0, 0, 45],
			"translation": [4.5, -4.5, 0],
			"scale": [1.17969, 1.17969, 1.17969]
		}
	},
	"groups": [
		{
			"name": "group",
			"origin": [12, 9, 7],
			"color": 0,
			"children": [0, 1, 2, 3, 4, 5, 6, 7, 8, 9, 10, 11, 12, 13, 14, 15, 16, 17, 18]
		}
	]
}