{
	"credit": "Made with Blockbench",
	"texture_size": [32, 32],
	"textures": {
		"0": "irons_spellbooks:item/spellbreaker",
		"particle": "irons_spellbooks:item/spellbreaker"
	},
	"elements": [
		{
			"from": [8, 30, 7],
			"to": [10, 32, 9],
			"rotation": {"angle": -45, "axis": "z", "origin": [8, 32, 7]},
			"faces": {
				"north": {"uv": [8.5, 7.5, 9.5, 6.5], "texture": "#0"},
				"east": {"uv": [1, 10, 2, 9], "texture": "#0"},
				"south": {"uv": [9, 4.5, 10, 3.5], "texture": "#0"},
				"west": {"uv": [9, 5.5, 10, 4.5], "texture": "#0"},
				"up": {"uv": [10, 9.5, 9, 8.5], "texture": "#0"},
				"down": {"uv": [10, 7.5, 9, 8.5], "texture": "#0"}
			}
		},
		{
			"from": [8.5, 29, 7.25],
			"to": [10, 30.5, 8.75],
			"rotation": {"angle": -45, "axis": "z", "origin": [8, 31, 7]},
			"faces": {
				"north": {"uv": [2.5, 11.25, 3.25, 10.5], "texture": "#0"},
				"east": {"uv": [8, 11.25, 8.75, 10.5], "texture": "#0"},
				"south": {"uv": [10.5, 9.75, 11.25, 9], "texture": "#0"},
				"west": {"uv": [10, 11.25, 10.75, 10.5], "texture": "#0"},
				"up": {"uv": [11.75, 2.75, 11, 2], "texture": "#0"},
				"down": {"uv": [1.25, 11, 0.5, 11.75], "texture": "#0"}
			}
		},
		{
			"from": [8.5, 24, 7.25],
			"to": [10, 25.5, 8.75],
			"rotation": {"angle": -45, "axis": "z", "origin": [8, 26, 7]},
			"faces": {
				"north": {"uv": [11, 3.75, 11.75, 3], "texture": "#0"},
				"east": {"uv": [11, 4.75, 11.75, 4], "texture": "#0"},
				"south": {"uv": [5, 11.75, 5.75, 11], "texture": "#0"},
				"west": {"uv": [6, 11.75, 6.75, 11], "texture": "#0"},
				"up": {"uv": [7.75, 11.75, 7, 11], "texture": "#0"},
				"down": {"uv": [11.75, 6.5, 11, 7.25], "texture": "#0"}
			}
		},
		{
			"from": [8.5, 21.75, 7.25],
			"to": [10, 23.25, 8.75],
			"rotation": {"angle": -45, "axis": "z", "origin": [8, 23.75, 7]},
			"faces": {
				"north": {"uv": [9, 11.75, 9.75, 11], "texture": "#0"},
				"east": {"uv": [11, 10.75, 11.75, 10], "texture": "#0"},
				"south": {"uv": [11, 11.75, 11.75, 11], "texture": "#0"},
				"west": {"uv": [11.5, 0.75, 12.25, 0], "texture": "#0"},
				"up": {"uv": [3.25, 12.25, 2.5, 11.5], "texture": "#0"},
				"down": {"uv": [12.25, 1, 11.5, 1.75], "texture": "#0"}
			}
		},
		{
			"from": [8.5, 19.25, 7],
			"to": [12, 22.75, 9],
			"rotation": {"angle": -45, "axis": "z", "origin": [8, 23.25, 7]},
			"faces": {
				"north": {"uv": [4.5, 1.75, 6.25, 0], "texture": "#0"},
				"east": {"uv": [6.5, 3.25, 7.5, 1.5], "texture": "#0"},
				"south": {"uv": [4.5, 3.75, 6.25, 2], "texture": "#0"},
				"west": {"uv": [1, 8.75, 2, 7], "texture": "#0"},
				"up": {"uv": [8.75, 5.5, 7, 4.5], "texture": "#0"},
				"down": {"uv": [8.75, 3.5, 7, 4.5], "texture": "#0"}
			}
		},
		{
			"from": [8.5, 11, 7.6],
			"to": [11.5, 14, 8.4],
			"rotation": {"angle": -45, "axis": "z", "origin": [8, 14.5, 7]},
			"faces": {
				"north": {"uv": [1, 7, 2.5, 5.5], "texture": "#0"},
				"east": {"uv": [5, 9.5, 5.5, 8], "texture": "#0"},
				"south": {"uv": [5.5, 5.5, 7, 4], "texture": "#0"},
				"west": {"uv": [9.5, 11, 10, 9.5], "texture": "#0"},
				"up": {"uv": [11.5, 2, 10, 1.5], "texture": "#0"},
				"down": {"uv": [11, 1, 9.5, 1.5], "texture": "#0"}
			}
		},
		{
			"from": [9, 13.25, 7.75],
			"to": [11.5, 15.75, 8.25],
			"rotation": {"angle": -45, "axis": "z", "origin": [8, 16.75, 7]},
			"faces": {
				"north": {"uv": [8, 1.25, 9.25, 0], "texture": "#0"},
				"east": {"uv": [12, 11.25, 12.25, 10], "texture": "#0"},
				"south": {"uv": [3, 9.25, 4.25, 8], "texture": "#0"},
				"west": {"uv": [10.5, 13.25, 10.75, 12], "texture": "#0"},
				"up": {"uv": [13.25, 11.75, 12, 11.5], "texture": "#0"},
				"down": {"uv": [12.25, 12, 11, 12.25], "texture": "#0"}
			}
		},
		{
			"from": [9.5, 0, 7.6],
			"to": [12, 2.5, 8.4],
			"rotation": {"angle": -45, "axis": "z", "origin": [8, 4, 7]},
			"faces": {
				"north": {"uv": [6, 9.25, 7.25, 8], "texture": "#0"},
				"east": {"uv": [10, 10.25, 10.5, 9], "texture": "#0"},
				"south": {"uv": [7.5, 9.25, 8.75, 8], "texture": "#0"},
				"west": {"uv": [0, 11.75, 0.5, 10.5], "texture": "#0"},
				"up": {"uv": [7.75, 11, 6.5, 10.5], "texture": "#0"},
				"down": {"uv": [6.25, 10.5, 5, 11], "texture": "#0"}
			}
		},
		{
			"from": [7.25, 21.75, 7.5],
			"to": [8.75, 29.25, 8.5],
			"rotation": {"angle": 0, "axis": "z", "origin": [6.75, 29.75, 7]},
			"faces": {
				"north": {"uv": [4.5, 7.75, 5.25, 4], "texture": "#0"},
				"east": {"uv": [2.5, 9.25, 3, 5.5], "texture": "#0"},
				"south": {"uv": [0, 9.25, 0.75, 5.5], "texture": "#0"},
				"west": {"uv": [5.5, 9.25, 6, 5.5], "texture": "#0"},
				"up": {"uv": [12.75, 3.5, 12, 3], "texture": "#0"},
				"down": {"uv": [12.75, 2.5, 12, 3], "texture": "#0"}
			}
		},
		{
			"from": [6.5, 0.1, 7.75],
			"to": [9.5, 11, 8.25],
			"rotation": {"angle": 0, "axis": "z", "origin": [6.75, 19.75, 7]},
			"faces": {
				"north": {"uv": [0, 5.5, 1.5, 0], "texture": "#0"},
				"east": {"uv": [2, 12.5, 2.25, 7], "texture": "#0"},
				"south": {"uv": [1.5, 5.5, 3, 0], "texture": "#0"},
				"west": {"uv": [4.5, 13.5, 4.75, 8], "texture": "#0"},
				"up": {"uv": [7, 12.25, 5.5, 12], "texture": "#0"},
				"down": {"uv": [13.5, 4.5, 12, 4.75], "texture": "#0"}
			}
		},
		{
			"from": [6.5, 16.85, 7.75],
			"to": [9.5, 19.25, 8.25],
			"rotation": {"angle": 0, "axis": "z", "origin": [6.75, 19.75, 7]},
			"faces": {
				"north": {"uv": [6, 6.75, 7.5, 5.5], "texture": "#0"},
				"east": {"uv": [0, 13.75, 0.25, 12.5], "texture": "#0"},
				"south": {"uv": [6.5, 1.25, 8, 0], "texture": "#0"},
				"west": {"uv": [12.5, 1.25, 12.75, 0], "texture": "#0"},
				"up": {"uv": [10.5, 12.25, 9, 12], "texture": "#0"},
				"down": {"uv": [9, 12, 7.5, 12.25], "texture": "#0"}
			}
		},
		{
			"from": [6.75, 11.85, 7.85],
			"to": [9.25, 19.25, 8.15],
			"rotation": {"angle": 0, "axis": "z", "origin": [6.75, 19.75, 7]},
			"faces": {
				"north": {"uv": [3, 3.75, 4.25, 0], "texture": "#0"},
				"east": {"uv": [3.5, 13.25, 3.75, 9.5], "texture": "#0"},
				"south": {"uv": [3, 7.75, 4.25, 4], "texture": "#0"},
				"west": {"uv": [4, 13.25, 4.25, 9.5], "texture": "#0"},
				"up": {"uv": [13.75, 1.75, 12.5, 1.5], "texture": "#0"},
				"down": {"uv": [1.75, 12.5, 0.5, 12.75], "texture": "#0"}
			}
		},
		{
			"from": [5.25, 30.25, 7.25],
			"to": [7.25, 31.25, 8.75],
			"rotation": {"angle": 22.5, "axis": "z", "origin": [7.25, 31.25, 7]},
			"faces": {
				"north": {"uv": [7.5, 7, 8.5, 6.5], "texture": "#0"},
				"east": {"uv": [10, 12, 10.75, 11.5], "texture": "#0"},
				"south": {"uv": [8, 12, 9, 11.5], "texture": "#0"},
				"west": {"uv": [0, 12.5, 0.75, 12], "texture": "#0"},
				"up": {"uv": [11, 2.75, 10, 2], "texture": "#0"},
				"down": {"uv": [2, 10, 1, 10.75], "texture": "#0"}
			}
		},
		{
			"from": [8.75, 30.25, 7.25],
			"to": [10.75, 31.25, 8.75],
			"rotation": {"angle": -22.5, "axis": "z", "origin": [8.75, 31.25, 7]},
			"faces": {
				"north": {"uv": [11.5, 8.5, 12.5, 8], "texture": "#0"},
				"east": {"uv": [1, 12.5, 1.75, 12], "texture": "#0"},
				"south": {"uv": [11.5, 9, 12.5, 8.5], "texture": "#0"},
				"west": {"uv": [12, 2.5, 12.75, 2], "texture": "#0"},
				"up": {"uv": [11, 4.75, 10, 4], "texture": "#0"},
				"down": {"uv": [11, 3, 10, 3.75], "texture": "#0"}
			}
		},
		{
			"from": [4.25, 21.5, 7.75],
			"to": [7.25, 22.5, 8.25],
			"rotation": {"angle": 22.5, "axis": "z", "origin": [7.25, 22.5, 7]},
			"faces": {
				"north": {"uv": [10, 5.5, 11.5, 5], "texture": "#0"},
				"east": {"uv": [6.5, 4, 6.75, 3.5], "texture": "#0"},
				"south": {"uv": [10, 6, 11.5, 5.5], "texture": "#0"},
				"west": {"uv": [8.5, 8, 8.75, 7.5], "texture": "#0"},
				"up": {"uv": [13.5, 4.25, 12, 4], "texture": "#0"},
				"down": {"uv": [13.5, 3.5, 12, 3.75], "texture": "#0"}
			}
		},
		{
			"from": [1.25, 19, 7.5],
			"to": [3.75, 20.5, 8.5],
			"rotation": {"angle": 22.5, "axis": "z", "origin": [3.75, 20.25, 7]},
			"faces": {
				"north": {"uv": [5, 10.25, 6.25, 9.5], "texture": "#0"},
				"east": {"uv": [1.5, 11.75, 2, 11], "texture": "#0"},
				"south": {"uv": [6.5, 10.25, 7.75, 9.5], "texture": "#0"},
				"west": {"uv": [5, 12.75, 5.5, 12], "texture": "#0"},
				"up": {"uv": [11.25, 8, 10, 7.5], "texture": "#0"},
				"down": {"uv": [11.25, 6, 10, 6.5], "texture": "#0"}
			}
		},
		{
			"from": [7.75, 21.5, 7.75],
			"to": [11.75, 22.5, 8.25],
			"rotation": {"angle": -22.5, "axis": "z", "origin": [8.75, 22.5, 7]},
			"faces": {
				"north": {"uv": [9.5, 0.5, 11.5, 0], "texture": "#0"},
				"east": {"uv": [0.5, 11, 0.75, 10.5], "texture": "#0"},
				"south": {"uv": [9.5, 1, 11.5, 0.5], "texture": "#0"},
				"west": {"uv": [9, 11, 9.25, 10.5], "texture": "#0"},
				"up": {"uv": [13.5, 9.75, 11.5, 9.5], "texture": "#0"},
				"down": {"uv": [13.5, 9, 11.5, 9.25], "texture": "#0"}
			}
		},
		{
			"from": [3.25, 18.75, 7.65],
			"to": [7.5, 20.25, 8.35],
			"rotation": {"angle": 0, "axis": "z", "origin": [6.5, 20.25, 7]},
			"faces": {
				"north": {"uv": [6, 7.75, 8.25, 7], "texture": "#0"},
				"east": {"uv": [3, 13.25, 3.25, 12.5], "texture": "#0"},
				"south": {"uv": [7.5, 2.25, 9.75, 1.5], "texture": "#0"},
				"west": {"uv": [6.5, 13.25, 6.75, 12.5], "texture": "#0"},
				"up": {"uv": [13.75, 5.75, 11.5, 5.5], "texture": "#0"},
				"down": {"uv": [13.75, 5, 11.5, 5.25], "texture": "#0"}
			}
		},
		{
			"from": [8.5, 18.75, 7.65],
			"to": [12.75, 20.25, 8.35],
			"rotation": {"angle": 0, "axis": "z", "origin": [9.5, 20.25, 7]},
			"faces": {
				"north": {"uv": [7.5, 3.25, 9.75, 2.5], "texture": "#0"},
				"east": {"uv": [7.5, 13.25, 7.75, 12.5], "texture": "#0"},
				"south": {"uv": [7.5, 6.25, 9.75, 5.5], "texture": "#0"},
				"west": {"uv": [8, 13.25, 8.25, 12.5], "texture": "#0"},
				"up": {"uv": [13.75, 7.75, 11.5, 7.5], "texture": "#0"},
				"down": {"uv": [13.75, 6, 11.5, 6.25], "texture": "#0"}
			}
		},
		{
			"from": [12.25, 19, 7.5],
			"to": [14.75, 20.5, 8.5],
			"rotation": {"angle": -22.5, "axis": "z", "origin": [12.25, 20.25, 7]},
			"faces": {
				"north": {"uv": [9.5, 7.25, 10.75, 6.5], "texture": "#0"},
				"east": {"uv": [12, 7.25, 12.5, 6.5], "texture": "#0"},
				"south": {"uv": [8, 10.25, 9.25, 9.5], "texture": "#0"},
				"west": {"uv": [7, 12.75, 7.5, 12], "texture": "#0"},
				"up": {"uv": [11.25, 9, 10, 8.5], "texture": "#0"},
				"down": {"uv": [11.25, 8, 10, 8.5], "texture": "#0"}
			}
		},
		{
			"from": [9.5, -1.75, 7.85],
			"to": [11.5, 0.25, 8.15],
			"rotation": {"angle": -45, "axis": "z", "origin": [8, 1.75, 7]},
			"faces": {
				"north": {"uv": [0, 10.5, 1, 9.5], "texture": "#0"},
				"east": {"uv": [2, 13.5, 2.25, 12.5], "texture": "#0"},
				"south": {"uv": [2.5, 10.5, 3.5, 9.5], "texture": "#0"},
				"west": {"uv": [2.5, 13.5, 2.75, 12.5], "texture": "#0"},
				"up": {"uv": [13.5, 6.75, 12.5, 6.5], "texture": "#0"},
				"down": {"uv": [6.5, 12.5, 5.5, 12.75], "texture": "#0"}
			}
		}
	],
	"display": {
		"thirdperson_righthand": {
			"rotation": [-114.57, -87.73, 65.92],
			"translation": [-0.25, 13.5, 1.25],
			"scale": [0.92773, 0.92773, 0.92773]
		},
		"thirdperson_lefthand": {
			"rotation": [114.57, 87.73, 65.92],
			"translation": [-0.25, 13.5, 1.25],
			"scale": [0.92773, 0.92773, 0.92773]
		},
		"firstperson_righthand": {
			"rotation": [114.57, 87.73, 65.92],
			"translation": [2.5, 10, 1.25],
			"scale": [0.6582, 0.6582, 0.6582]
		},
		"firstperson_lefthand": {
			"rotation": [-114.57, -87.73, 65.92],
			"translation": [2.5, 10, 1.25],
			"scale": [0.6582, 0.6582, 0.6582]
		},
		"ground": {
			"translation": [0, 4.25, 0],
			"scale": [0.61328, 0.61328, 0.61328]
		},
		"gui": {
			"rotation": [0, 0, -130],
			"translation": [-2.75, 3.75, 0],
			"scale": [0.70703, 0.70703, 0.70703]
		},
		"head": {
			"rotation": [0, 0, 90],
			"translation": [3.25, 0, 0]
		},
		"fixed": {
			"rotation": [0, 0, 45],
			"translation": [4.5, -4.5, 0],
			"scale": [1.17969, 1.17969, 1.17969]
		}
	}
}